"id","filename","description"
1,"https://picsum.photos/200","Dummy image"
2,"https://picsum.photos/200?random=2","Speaker presenting AI trends at a tech event"
3,"https://picsum.photos/200?random=3","People enjoying international street food by the harbor"
4,"https://picsum.photos/200?random=4","Morning yoga session in a green city park"
5,"https://picsum.photos/200?random=5","Audience watching an indie film in a small theater"
6,"https://picsum.photos/200?random=6","Group coding on laptops during a bootcamp"
7,"https://picsum.photos/200?random=7","Performer with a mic on a small stage"
8,"https://picsum.photos/200?random=8","Classical orchestra performing under warm lights"
9,"https://picsum.photos/200?random=9","Crowd rocking out at a concert with lights flashing"
10,"https://picsum.photos/200?random=10","Scientist presenting a slide about quantum computing"
11,"https://picsum.photos/200?random=11","Beginner learning Python on a laptop"
12,"https://picsum.photos/200?random=12","Developers coworking with coffee mugs"
13,"https://picsum.photos/200?random=13","Wine glasses and cheese boards on a table"
14,"https://picsum.photos/200?random=14","Craft beer flight on a wooden tray"
15,"https://picsum.photos/200?random=15","Colorful vegan food bowls on a street stand"
16,"https://picsum.photos/200?random=16","Barista steaming milk for latte art"
17,"https://picsum.photos/200?random=17","Person lying down during a sound bath"
18,"https://picsum.photos/200?random=18","Group hiking through a forest trail"
19,"https://picsum.photos/200?random=19","People sitting in a circle during a mindfulness session"
20,"https://picsum.photos/200?random=20","Outdoor pilates class with mats on the grass"